-- Вставка тарифов
insert into tarifs (id, name, cost) values 
(1,'Тариф за выдачу кредита', 10), 
(2,'Тариф за открытие счета', 10), 
(3,'Тариф за обслуживание карты', 10);

-- Вставка типов продуктов
insert into product_type (id, name, begin_date, end_date, tarif_ref) values 
(1,'КРЕДИТ', '2023-01-01', null, 1), 
(2,'ДЕПОЗИТ', '2023-01-01', null, 2), 
(3,'КАРТА', '2023-01-01', null, 3);

-- Вставка клиентов
insert into clients (id, name, place_of_birth, date_of_birth, address, passport) values 
(1,'Сидоров Иван Петрович', 'Россия, Хабаровский край, г. Хабаровск', '1981-04-01', 'Россия, Хабаровский край, г. Хабаровск, ул. Грибоедова, д. 5', '1234567890, выдан ОВД г. Пушкин, 10.01.1990'),
(2,'Иванов Петр Сидорович', 'Россия,Хабаровский край, г.  Хабаровск', '1989-08-10', 'Россия,Хабаровский край, г.  Хабаровск, ул. Пушкина, д. 1', '1434565290, выдан ОВД г. Клин, 01.01.2000'),
(3,'Петров Сиодр Иванович', 'Россия, Приморский край, г. Владивосток', '1975-06-15', 'Россия, Приморский край, г. Владивосток, ул. Ленина, д. 2', '0987654321, выдан ОВД г. Клин, 15.04.1999');

-- Вставка продуктов
insert into products (id, product_type_id, name, client_ref,open_date, close_date) values 
(1,1, 'Кредитный договор с Сидоровым И.П.', 1, '2021-02-01', null),
(2,2, 'Депозитный договор с Ивановым П.С.', 2, '2021-03-01', null),
(3,3, 'Карточный договор с Петровым С.И.', 3, '2021-04-01', null),
(4,1, 'Кредитный договор с Ивановым П.С.', 2, '2022-02-15', null),
(5,1, 'Кредитный договор с Петровым С.И.', 3, '2022-03-15', null),
(6,3, 'Карточный договор с Ивановым П.С.', 2, '2023-04-15', null),
(7,2, 'Депозитный договор с Сидоровым И.П.', 1, '2000-03-01', null),
(8, 3, 'Карточный договор с Сидоровым И.П.', 1, '2020-01-02', NULL),
(9, 3, 'Карточный договор с Сидоровым И.П.', 1, '2020-01-03', NULL),
(10, 3, 'Карточный договор с Сидоровым И.П.', 1, '2020-01-04', NULL),
(11, 3, 'Карточный договор с Сидоровым И.П.', 1, '2020-01-05', NULL),
(12, 3, 'Карточный договор с Сидоровым И.П.', 1, '2020-01-06', NULL),
(13, 3, 'Карточный договор с Сидоровым И.П.', 1, '2020-01-07', NULL),
(14, 3, 'Карточный договор с Сидоровым И.П.', 1, '2020-01-08', NULL),
(15, 3, 'Карточный договор с Сидоровым И.П.', 1, '2020-01-09', NULL),
(16, 3, 'Карточный договор с Сидоровым И.П.', 1, '2020-01-10', NULL),
(17, 3, 'Карточный договор с Сидоровым И.П.', 1, '2020-01-11', NULL),
(18, 3, 'Карточный договор с Сидоровым И.П.', 1, '2020-01-12', NULL),
(19, 3, 'Карточный договор с Сидоровым И.П.', 1, '2020-01-13', NULL),
(20, 3, 'Карточный договор с Сидоровым И.П.', 1, '2020-01-14', NULL),
(21, 3, 'Карточный договор с Сидоровым И.П.', 1, '2020-01-15', NULL),
(22, 3, 'Карточный договор с Сидоровым И.П.', 1, '2020-01-16', NULL),
(23, 3, 'Карточный договор с Сидоровым И.П.', 1, '2020-01-17', NULL),
(24, 3, 'Карточный договор с Сидоровым И.П.', 1, '2020-01-18', NULL),
(25, 3, 'Карточный договор с Сидоровым И.П.', 1, '2020-01-19', NULL),
(26, 3, 'Карточный договор с Сидоровым И.П.', 1, '2020-01-20', NULL),
(27, 3, 'Карточный договор с Сидоровым И.П.', 1, '2020-01-21', NULL),
(28, 3, 'Карточный договор с Сидоровым И.П.', 1, '2020-01-22', NULL);

-- Вставка счетов
insert into accounts (id, name , saldo, client_ref, open_date, close_date, product_ref,acc_num) values 
(1, 'Кредитный счет для Сидоровым И.П.', 0, 1, '2015-06-01', null, 1,'45502810401020000022'),
(2, 'Депозитный счет для Ивановым П.С.', 6000, 2, '2017-08-01', null, 2,'42301810400000000001'),
(3, 'Карточный счет для Петровым С.И.', 8000, 3, '2017-08-01', null, 3,'40817810700000000001'),
(4,'Кредитный счет для Ивановым П.С.', -5000, 2, '2020-05-01', null, 4, '45566810401020000021'),
(5,'Депозитный счет для Сидоровым И.П.', 16000, 1, '2020-01-01', null, 7, '42201810400000000001'),
(6,'Карточный счет для Ивановым П.С.', 9600, 2, '2020-01-01', null, 6,'45557810700000000001'),
(7, 'Карточный счет для Сидорова И.П.', 100, 1, '2020-01-02', NULL, 3, '45502810401020000023'),
(8, 'Карточный счет для Сидорова И.П.', 200, 1, '2020-01-03', NULL, 3, '45502810401020000024'),
(9, 'Карточный счет для Сидорова И.П.', 300, 1, '2020-01-04', NULL, 3, '45502810401020000025'),
(10, 'Карточный счет для Сидорова И.П.', 400, 1, '2020-01-05', NULL, 3, '45502810401020000026'),
(11, 'Карточный счет для Сидорова И.П.', 500, 1, '2020-01-06', NULL, 3, '45502810401020000027'),
(12, 'Карточный счет для Сидорова И.П.', 600, 1, '2020-01-07', NULL, 3, '45502810401020000028'),
(13, 'Карточный счет для Сидорова И.П.', 700, 1, '2020-01-08', NULL, 3, '45502810401020000029'),
(14, 'Карточный счет для Сидорова И.П.', 800, 1, '2020-01-09', NULL, 3, '45502810401020000030'),
(15, 'Карточный счет для Сидорова И.П.', 900, 1, '2020-01-10', NULL, 3, '45502810401020000031'),
(16, 'Карточный счет для Сидорова И.П.', 1000, 1, '2020-01-11', NULL, 3, '45502810401020000032'),
(17, 'Карточный счет для Сидорова И.П.', 1100, 1, '2020-01-12', NULL, 3, '45502810401020000033'),
(18, 'Карточный счет для Сидорова И.П.', 1200, 1, '2020-01-13', NULL, 3, '45502810401020000034'),
(19, 'Карточный счет для Сидорова И.П.', 1300, 1, '2020-01-14', NULL, 3, '45502810401020000035'),
(20, 'Карточный счет для Сидорова И.П.', 1400, 1, '2020-01-15', NULL, 3, '45502810401020000036'),
(21, 'Карточный счет для Сидорова И.П.', 1500, 1, '2020-01-16', NULL, 3, '45502810401020000037'),
(22, 'Карточный счет для Сидорова И.П.', 1600, 1, '2020-01-17', NULL, 3, '45502810401020000038'),
(23, 'Карточный счет для Сидорова И.П.', 1700, 1, '2020-01-18', NULL, 3, '45502810401020000039'),
(24, 'Карточный счет для Сидорова И.П.', 1800, 1, '2020-01-19', NULL, 3, '45502810401020000040'),
(25, 'Карточный счет для Сидорова И.П.', 1900, 1, '2020-01-20', NULL, 3, '45502810401020000041'),
(26, 'Карточный счет для Сидорова И.П.', 2000, 1, '2020-01-21', NULL, 3, '45502810401020000042'),
(27, 'Карточный счет для Сидорова И.П.', 2100, 1, '2020-01-22', NULL, 3, '45502810401020000043');

-- Вставка операций
insert into records (id, dt,sum, acc_ref, open_date) values 
(1, 1, 5000, 1, '2015-06-01'),
(2, 0, 1000, 1, '2015-07-01'),
(3, 0, 2000, 1, '2015-08-01'),
(4, 0, 3000, 1, '2015-09-01'),
(5, 1, 5000, 1, '2015-10-01'),
(6, 0, 3000, 1, '2015-10-01'),
(7, 0, 10000, 2, '2017-08-01'),
(8, 1, 1000, 2, '2017-08-05'),
(9, 1, 2000, 2, '2017-09-21'),
(10, 1, 5000, 2, '2017-10-25'),
(11, 0, 6000, 2, '2017-11-26'),
(12, 0, 120000, 3, '2017-09-08'),
(13, 1, 1000, 3, '2017-10-05'),
(14, 1, 2000, 3, '2017-10-21'),
(15, 1, 5000, 1, '2024-12-08'),
(16, 0, 2000, 1, '2024-12-09'),
(17, 1, 1500, 3, '2024-12-09'),
(18, 1, 15000, 3, '2024-12-10'),
(19, 1, 1000, 2, '2024-12-11'),
(20, 0, 1000,2, '2024-12-12'),
(21, 1, 2000, 1, '2024-12-12'),
(22, 1, 50000, 3, '2024-12-14'),
(23, 1, 100, 7, '2020-01-02'),
(24, 1, 200, 8, '2020-01-03'),
(25, 1, 300, 9, '2020-01-04'),
(26, 1, 400, 10, '2020-01-05'),
(27, 1, 500, 11, '2020-01-06'),
(28, 1, 600, 12, '2020-01-07'),
(29, 1, 700, 13, '2020-01-08'),
(30, 1, 800, 14, '2020-01-09'),
(31, 1, 900, 15, '2020-01-10'),
(32, 1, 1000, 16, '2020-01-11'),
(33, 1, 1100, 17, '2020-01-12'),
(34, 1, 1200, 18, '2020-01-13'),
(35, 1, 1300, 19, '2020-01-14'),
(36, 1, 1400, 20, '2020-01-15'),
(37, 1, 1500, 21, '2020-01-16'),
(38, 1, 1600, 22, '2020-01-17'),
(39, 1, 1700, 23, '2020-01-18'),
(40, 1, 1800, 24, '2020-01-19'),
(41, 1, 1900, 25, '2020-01-20'),
(42, 1, 2000, 26, '2020-01-21'),
(43, 1, 2100, 27, '2020-01-22');